,Yr_Plot,UTM_E,UTM_N,Elevation,UTM_Zone.x,Fire_Name,Fire_Yr,Elev_m,Aspect_deg,Aspect_SW.NE,Slope_deg,Forest_type,Fire_sev,Prefire_stage,Regen_subsample_area_S.M.L,Distance_seedwall_m,Cones_postfire_trees_Y.N,Comments,Stratum,UTM_Zone.y,x,y,Date
1,2012_1,687597,5232968,1738,10,table mountain,2012,NA,82,NE,8,C,H,P,M,999,N,GPS unit not showing elevation,C-NE-H,10,-120.5220429,47.22339341,8/23/2016
2,2012_100,684506,5236321,1852,10,table mountain,2012,NA,79,NE,14,C,M,M,M,20.8,N,GPS unit not showing elevation,C-NE-M,10,-120.5614499,47.25441307,8/25/2016
3,2012_102,686606,5244310,1789,10,peavine,2012,NA,148,SW,8,C,M,M,M,19.6,N,"GPS unit not showing elevation, plot taken instead of 242 as it did not have any fire damage ",C-SW-M,10,-120.5303782,47.32563998,8/29/2016
4,2012_114,687393,5236686,1621,10,table mountain,2012,NA,48,NE,12,C,L,M,S,5.3,N,GPS unit not showing elevation,C-NE-L,10,-120.5231767,47.25687635,8/23/2016
5,2012_124,687494,5240901,1770,10,table mountain,2012,NA,103,NE,28,C,H,M,L,346,N,plot center 2m north of high flagging ,C-NE-H,10,-120.5200722,47.2947399,8/30/2016
6,2012_130,681146,5241446,1501,10,table mountain,2012,NA,276,SW,8,C,M,M,M,12.2,N,"GPS unit not showing elevation, E end of plot near running stream",C-SW-M,10,-120.6037371,47.30142527,8/24/2016
7,2012_147,685868,5240053,1642,10,table mountain,2012,NA,151,SW,8,C,H,M,S,999,N,,C-SW-H,10,-120.5419119,47.28757959,8/30/2016
8,2012_150,688726,5238489,1584,10,table mountain,2012,NA,212,SW,3.3,C,H,M,M,999,N,,C-SW-H,10,-120.5048132,47.27270293,9/13/2016
9,2012_212,683483,5230730,1636,10,table mountain,2012,NA,232,SW,5,C,M,M,M,2.9,N,GPS unit not showing elevation,C-SW-M,10,-120.5772511,47.20443492,8/25/2016
10,2012_227,681469,5236947,1507,10,table mountain,2012,1159,241,SW,10,M,M,M,L,3,N,,M-SW-M,10,-120.6012981,47.26088799,8/16/2016
11,2012_232,680525,5233940,1473,10,table mountain,2012,1462,282,SW,8.8,C,M,M,M,2.6,N,potential Stream bed going west,C-SW-M,10,-120.6149795,47.2341138,8/16/2016
12,2012_239,683593,5242175,1753,10,peavine,2012,NA,132,NE,8.2,C,L,M,M,2.9,N,very low fire severity,C-NE-L,10,-120.5710966,47.30729796,9/15/2016
13,2012_242,684217,5242336,1705,10,peavine,2012,NA,225,SW,1,C,L,M,S,3.8,N,very low fire severity but there is evidence of fire,C-SW-L,10,-120.5627823,47.30857018,9/12/2016
14,2012_277,689304,5240698,1717,10,table mountain,2012,NA,224,SW,23,C,H,M,L,999,N,GPS unit not showing elevation,C-SW-H,10,-120.4962414,47.29239463,8/24/2016
15,2012_286,688829,5237978,1484,10,table mountain,2012,NA,195,SW,30.2,C,M,M,L,37.1,N,plot is located on a rocky slope,C-SW-M,10,-120.5036689,47.2680795,9/13/2016
16,2012_287,711348,5340381,867,10,buckhorn,2012,NA,8,NE,28,D,H,M,M,38.1,N,"plot is pole stage, 1ha is mature, some snow in plot when sampled",D-NE-H,10,-120.1566318,48.18147905,10/24/2017
17,2012_291,683803,5259582,884,10,poison canyon,2012,615,290,SW,8,M,L,M,M,9.2,N,includes old campfire ring. Non-tree veg data missing from field file. ,M-SW-L,10,-120.5611092,47.4637283,8/29/2016
18,2012_294,711407,5340794,637,10,buckhorn,2012,NA,308,SW,27,D,L,M,M,3,N,"in a draw, but doesn't look like a riverbed",D-SW-L,10,-120.1556335,48.18517056,10/24/2017
19,2012_306,692520,5250130,870,10,peavine,2012,830,122,NE,32,D,L,M,L,13.7,N,"grassy and shrubby hillside, barely 10 percent cover on hectare ",D-NE-L,10,-120.4496675,47.37624513,8/23/2016
20,2012_313,710449,5340029,878,10,buckhorn,2012,NA,18,NE,32,D,M,M,M,40,N,,D-NE-M,10,-120.1688854,48.17861439,10/25/2017
21,2012_32,685672,5236507,1762,10,table mountain,2012,NA,8,NE,9,C,H,M,M,27,N,,C-NE-H,10,-120.5459765,47.25575636,8/31/2016
22,2012_323,681734,5316352,806,10,klone peak,2012,NA,59,NE,6,M,L,M,M,7.7,N,,M-NE-L,10,-120.5648582,47.97464677,9/14/2016
23,2012_341,667267,5226932,825,10,taylor bridge,2012,NA,280,SW,9,D,H,M,L,77,N,relocated 74m at 217 degrees,D-SW-H,10,-120.7926165,47.17461081,10/12/2017
24,2012_35,687444,5237588,1532,10,table mountain,2012,1528,20,NE,27,C,H,M,S,999,N,relocated 96m at 252 degrees due to planting,C-NE-H,10,-120.5221247,47.2649707,8/23/2016
25,2012_354,693097,5248970,899,10,peavine,2012,1032,264,SW,16,D,L,M,M,5.5,N,,D-SW-L,10,-120.4425362,47.36564741,8/23/2016
26,2012_357,650893,5171045,826,10,wild rose,2012,799,179,SW,9,D,M,M,L,0,N,"moved 34 m at 9 deg. to avoid stream bed, plot is approx 12 m N of large boulder",D-SW-M,10,-121.0271077,46.67595073,8/9/2016
27,2012_361,690940,5238653,1352,10,table mountain,2012,NA,132,NE,9,M,M,M,S,2.5,N,GPS did not give location elevation,M-NE-M,10,-120.4755003,47.27353636,8/22/2016
28,2012_370,689545,5236830,1299,10,table mountain,2012,1255,76,NE,28,M,H,M,M,193.2,N,,M-NE-H,10,-120.4946998,47.25755277,8/17/2016
29,2012_379,663931,5267173,1124,10,cashmere,2012,1110,160,SW,27,W,L,M,M,6.7,N,Relocated because plot was in creek,W-SW-L,10,-120.8217612,47.53728678,9/15/2016
30,2012_390,680637,5236644,1301,10,table mountain,2012,NA,330,NE,14,M,M,M,L,24.6,N,,M-NE-M,10,-120.6124084,47.25839346,9/14/2016
31,2012_392,691235,5238081,1332,10,table mountain,2012,1326,110,NE,11,M,H,M,L,22.2,N,,M-NE-H,10,-120.4718489,47.26830837,8/18/2016
32,2012_396,669386,5315589,1294,10,basalt peak,2012,NA,180,SW,29,W,L,M,M,7.2,N,,W-SW-L,10,-120.7304765,47.97117494,10/18/2017
33,2012_402,680087,5234294,1390,10,table mountain,2012,NA,82,NE,24,M,L,M,L,6.5,N,,M-NE-L,10,-120.6206185,47.23741674,9/14/2016
34,2012_403,694785,5244686,1310,10,peavine,2012,1128,306,SW,9,M,L,M,M,2.4,N,in a patch of saplings,M-SW-L,10,-120.4220796,47.32663735,8/24/2016
35,2012_416,679955,5234549,1331,10,table mountain,2012,NA,4,NE,28.3,M,L,P,L,8.8,N,,M-NE-L,10,-120.6222584,47.23974554,9/14/2016
36,2012_419,681706,5315886,970,10,klone peak,2012,NA,58,NE,41,D,M,M,M,1.8,N,,D-NE-M,10,-120.5654301,47.9704658,9/14/2016
37,2012_423,669397,5315124,1272,10,basalt peak,2012,NA,68,NE,27,W,H,M,S,42,N,"relocated 54m at 283 degrees because of creek bed     DD: Belt width says ""m"" here but ""s"" in postfire tree tab; going with tree tab. ",W-NE-H,10,-120.7305125,47.9669916,10/18/2017
38,2012_428,669706,5314556,1149,10,basalt peak,2012,NA,210,SW,29,C,L,M,M,5.8,N,definitely cold ne  ,C-SW-L,10,-120.7266002,47.96180335,10/19/2017
39,2012_432,690122,5235889,1307,10,table mountain,2012,1234,298,SW,8,M,M,M,M,6.7,N,on a bench of a hill so aspect of hill overall is 82,M-SW-M,10,-120.4874813,47.24892653,8/17/2016
40,2012_444,680774,5235700,1346,10,table mountain,2012,NA,24,NE,26,M,M,P,M,5.5,N,,M-NE-M,10,-120.6109812,47.24986867,8/29/2016
41,2012_447,663671,5267019,1154,10,cashmere,2012,1175,12,NE,45,W,M,M,M,13.7,N,,W-NE-M,10,-120.8252707,47.53596765,9/15/2016
42,2012_454,689039,5234997,1397,10,table mountain,2012,1349,340,NE,10,M,H,P,S,19.6,N,seedwall is 15 trees visually estimated area 1/4 acre.  otherwise 999,M-NE-H,10,-120.5021566,47.24122043,8/18/2016
43,2012_458,688070,5238981,1447,10,table mountain,2012,NA,148,SW,3,M,H,M,M,204,N,stream to SE of plot outside of plot. plot center 4 1/2 meters at 234 degrees from high flagging. ,M-SW-H,10,-120.5132705,47.27731439,8/30/2016
44,2012_459,688150,5239368,1471,10,table mountain,2012,1483,289,SW,29,M,M,M,L,5,N,plot relocated 96 ft at 28 degrees due to stream flowing through plot. fire severity noted as moderate for the hectare scale as there are few trees due to scree slope but greater than one hectare fire severity is definitely high,M-SW-M,10,-120.5120506,47.2807705,8/30/2016
45,2012_471,681148,5238504,1414,10,table mountain,2012,1415,316,NE,29,M,L,M,L,1,N,bees in sw corner,M-NE-L,10,-120.6049056,47.27497486,8/16/2016
46,2012_502,691929,5237239,1249,10,table mountain,2012,1249,278,SW,10,M,M,M,L,17.2,N,moved 95 meters at 125 degrees due to salvage logging,M-SW-M,10,-120.4630452,47.2605365,8/22/2016
47,2012_509,680165,5238282,1177,10,table mountain,2012,1187,244,SW,20,M,L,M,L,6.4,N,edge of plot near stream,M-SW-L,10,-120.6179807,47.27324978,8/16/2016
48,2012_526,663820,5267331,1197,10,cashmere,2012,NA,176,SW,34,M,M,M,L,1.9,N,prefire trees does not include one psme stump from prefire thin that would be in both the prism sweep and in the 15m radius tally,M-SW-M,10,-120.8231762,47.53873542,10/23/2017
49,2012_545,683917,5259330,933,10,poison canyon,2012,NA,302,SW,22,D,L,M,M,3.1,N,,D-SW-L,10,-120.5597028,47.46143069,10/11/2017
50,2012_600,681990,5316094,808,10,klone peak,2012,NA,54,NE,22,W,M,M,S,10.8,N,random relocate. ,W-NE-M,10,-120.5615404,47.97225484,7/27/2018
51,2012_602,681056,5316777,837,10,klone peak,2012,NA,44,NE,30,W,M,M,S,19.6,N,"road blocked. have to,walk about 350m down road ",W-NE-M,10,-120.5737555,47.97865934,7/27/2018
52,2012_604,669526,5315459,1244,10,basalt peak,2012,NA,102,NE,31,W,M,M,M,3.8,N,,W-NE-M,10,-120.7286535,47.96996915,7/16/2018
53,2012_607,669420,5314683,1205,10,basalt peak,2012,NA,124,NE,20,C,L,M,M,1,N,,C-NE-L,10,-120.7303783,47.96302085,7/18/2018
54,2012_608,664383,5266988,1028,10,cashmere,2012,NA,79,NE,30,C,L,M,L,4.3,Y,,C-NE-L,10,-120.8158289,47.53550919,7/14/2018
55,2012_609,663175,5266587,1199,10,cashmere,2012,NA,205,SW,7,C,M,M,M,7.1,Y,must cross river ,C-SW-M,10,-120.8320165,47.53220808,7/17/2018
56,2012_610,663380,5266858,1187,10,cashmere,2012,NA,20,NE,3,W,L,M,M,5.7,Y,"Must cross river. Random relocate 16 degrees for 27m, stream in original plot",W-NE-L,10,-120.8291942,47.53459326,7/17/2018
57,2012_612,669656,5315265,1202,10,basalt peak,2012,NA,132,NE,17,W,L,M,M,2.1,N,,W-NE-L,10,-120.7269897,47.96819062,7/19/2018
58,2012_613,669109,5314781,1377,10,basalt peak,2012,NA,126,NE,35,C,L,M,M,6.3,N,Missing non-tree veg,C-NE-L,10,-120.7345027,47.96398411,7/26/2018
59,2012_615,664036,5266906,1152,10,cashmere,2012,NA,352,NE,18,C,L,M,L,5.6,N,"lots of boulders. hiked in from,plot 608",C-NE-L,10,-120.8204666,47.53485958,7/14/2018
60,2012_616,669289,5315954,1332,10,basalt peak,2012,NA,60,NE,34,W,M,M,S,1.6,Y,,W-NE-M,10,-120.7316313,47.97448202,7/26/2018
61,2012_618,695167,5244709,1357,10,peavine,2012,NA,327,NE,26,M,M,M,M,4.1,N,"random relocate, original pot in pond. road closed have to,hike from gate.",M-NE-M,10,-120.4170191,47.32673032,7/28/2018
62,2012_619,694784,5243814,1425,10,peavine,2012,NA,264,SW,20,M,L,M,L,3.3,N,,M-SW-L,10,-120.4224744,47.31879912,7/28/2018
63,2012_620,669480,5314439,1120,10,basalt peak,2012,NA,225,SW,24,C,L,M,M,5.1,N,"random relocate, original plot in stream",C-SW-L,10,-120.7296714,47.96081136,7/15/2018
64,2012_622,669168,5314136,1117,10,basalt peak,2012,NA,139,SW,16,C,M,M,S,1.3,N,,C-SW-M,10,-120.7339667,47.95816984,7/15/2018
65,2012_624,669427,5314814,1243,10,basalt peak,2012,NA,119,NE,22,W,M,M,S,5.7,N,,W-NE-M,10,-120.730233,47.96419671,7/18/2018
66,2012_626,669551,5315980,1228,10,basalt peak,2012,NA,110,NE,29,W,H,M,M,97,N,,W-NE-H,10,-120.7281132,47.9746464,7/16/2018
67,2012_634,681921,5237018,1573,10,table mountain,2012,NA,340,NE,15,M,M,M,M,2.6,N,,M-NE-M,10,-120.5953,47.26140113,8/24/2018
68,2012_635,682398,5242168,1488,10,table mountain,2012,NA,309,SW,24,C,L,M,S,3.4,N,,C-SW-L,10,-120.5868947,47.30756889,7/30/2018
69,2012_636,682672,5242241,1498,10,table mountain,2012,NA,344,NE,24,C,M,M,S,8.4,N,,C-NE-M,10,-120.5832431,47.30814882,7/30/2018
70,2012_637,680477,5233903,1468,10,table mountain,2012,NA,12,NE,30,M,M,M,S,9.6,N,,M-NE-M,10,-120.6156281,47.23379434,8/16/2018
71,2012_638,680648,5233661,1541,10,table mountain,2012,NA,330,NE,39,M,L,M,L,3.6,N,very steep,M-NE-L,10,-120.6134686,47.2315716,8/25/2018
72,2012_639,688537,5233534,1701,10,table mountain,2012,NA,164,SW,3,C,H,M,M,38,N,,C-SW-H,10,-120.5094,47.22821259,7/29/2018
73,2012_643,680428,5233500,1551,10,table mountain,2012,NA,344,NE,10,M,M,M,M,3.5,N,,M-NE-M,10,-120.6164374,47.23018459,8/16/2018
74,2012_645,690124,5235514,1397,10,table mountain,2012,NA,349,NE,38,C,M,M,L,21.4,N,"original,plot had less than 10 percent cover. random relocated 120 degrees for 48m",C-NE-M,10,-120.4876144,47.24555481,7/31/2018
75,2012_646,680206,5233921,1431,10,table mountain,2012,NA,337,NE,15,M,L,O,M,2.6,N,,M-NE-L,10,-120.619198,47.23403059,8/16/2018
76,2012_651,680892,5237017,1412,10,table mountain,2012,NA,280,SW,8,M,M,M,L,6.3,N,,M-SW-M,10,-120.6088899,47.26167667,8/15/2018
77,2012_653,680717,5237285,1357,10,table mountain,2012,NA,284,SW,12,M,M,M,L,2.7,N,,M-SW-M,10,-120.6110926,47.26413436,8/15/2018
78,2012_655,680893,5237544,1336,10,table mountain,2012,NA,308,SW,20,M,H,M,M,1.4,N,,M-SW-H,10,-120.6086632,47.26641439,7/30/2018
79,2012_662,691719,5238383,1356,10,table mountain,2012,NA,251,SW,26,M,L,M,M,7.2,N,,M-SW-L,10,-120.4653271,47.27088192,7/29/2018
80,2012_686,680433,5235798,1249,10,table mountain,2012,NA,340,NE,20,M,M,M,M,3.9,N,,M-NE-M,10,-120.6154441,47.25084358,8/24/2018
81,2012_689,681054,5235605,1391,10,table mountain,2012,NA,17,NE,27,M,M,M,M,8.4,N,technically cold because there were 4 pico seedlings. DD JH changed to moist based on prefire tree data,M-NE-M,10,-120.6073226,47.24893739,8/25/2018
82,2012_695,680045,5238679,1175,10,table mountain,2012,NA,228,SW,5,M,L,M,L,3.2,N,,M-SW-L,10,-120.6194056,47.27685198,8/23/2018
83,2012_696,680521,5236230,1237,10,table mountain,2012,NA,173,SW,30,M,L,M,M,6.2,N,random relocate because road. 148 degrees 92m,M-SW-L,10,-120.6141076,47.2547033,8/24/2018
84,2012_697,681069,5238209,1397,10,table mountain,2012,NA,254,SW,19,M,L,M,L,2,N,,M-SW-L,10,-120.6060689,47.27234449,8/23/2018
85,2012_699,680638,5235503,1333,10,table mountain,2012,NA,185,SW,20,M,L,M,L,1.8,N,,M-SW-L,10,-120.6128565,47.24813498,8/25/2018
86,2012_70,681886,5241856,1522,10,table mountain,2012,1484,321,NE,8.4,M,L,M,S,2,N,,M-NE-L,10,-120.5937896,47.30490628,8/15/2016
87,2012_702,680561,5238353,1259,10,table mountain,2012,NA,256,SW,4,M,L,M,M,10.2,N,,M-SW-L,10,-120.612721,47.27377919,8/23/2018
88,2012_709,680702,5234376,1539,10,table mountain,2012,NA,330,NE,25,M,L,M,M,8.5,N,didnt have 10% cover. random relocate 64m at 59°,M-NE-L,10,-120.612467,47.237985,8/29/2018
89,2012_725,680633,5234160,1475,10,table mountain,2012,NA,270,SW,15,M,H,M,M,12,N,,M-SW-H,10,-120.6134651,47.23606202,8/29/2018
90,2012_730,680642,5237627,1280,10,table mountain,2012,NA,299,SW,7,M,H,M,L,6.7,N,,M-SW-H,10,-120.6119448,47.26722977,8/30/2018
91,2012_737,681080,5237694,1358,10,table mountain,2012,NA,4,NE,8,M,M,M,M,7.2,N,,M-NE-M,10,-120.6061325,47.26771136,8/28/2018
92,2012_740,691961,5238339,1425,10,table mountain,2012,NA,233,SW,8,M,L,M,L,2.8,Y,random relocate 224 at 24m. original plot didnt burn. ABGR not present in plot but both overstory and understory ABGR are present within hectare,M-SW-L,10,-120.4621498,47.2704156,8/28/2018
93,2012_800,690324,5235586,1337,10,table mountain,2012,NA,58,NE,30,M,M,M,L,2,N,"200 meter offset. 234degrees from plot 692. Thought it was moist, found one clump of 6 PICOs. DD JH changed to moist based on prefire tree data",M-NE-M,10,-120.4849434,47.24614411,8/28/2018
94,2012_801,680212,5232937,1422,10,table mountain,2012,NA,179,SW,20,M,H,M,L,93,N,200 meter offset at 239° from 707,M-SW-H,10,-120.6195151,47.22518217,8/29/2018
95,2013_0,631338,5152581,1475,10,conrad lake,2013,NA,152,SW,20,M,M,O,M,2,N,grazed by horses,M-SW-M,10,-121.2878997,46.51398254,10/16/2017
96,2013_1,631262,5152645,1503,10,conrad lake,2013,NA,158,SW,15,C,M,O,M,10,N,,C-SW-M,10,-121.2888719,46.51457307,10/16/2017
97,2013_130,707654,5232990,1476,10,colockum tarps,2013,NA,12,NE,17,M,M,M,M,38,N,some trees appear to have died recently,M-NE-M,10,-120.2573976,47.21755825,10/5/2017
98,2013_131,708692,5233077,1344,10,colockum tarps,2013,NA,142,SW,15,M,H,M,L,361,N,cheat grass,M-SW-H,10,-120.2436638,47.21801137,10/5/2017
99,2013_134,709211,5233238,1275,10,colockum tarps,2013,NA,348,NE,31,M,M,M,L,1.5,N,,M-NE-M,10,-120.236742,47.21929339,10/5/2017
100,2013_138,707753,5233302,1442,10,colockum tarps,2013,NA,266,SW,33,M,M,M,L,12,N,"rocky, relocated 83 m at 192 degrees",M-SW-M,10,-120.2559468,47.22033124,10/5/2017
101,2013_146,712738,5234045,804,10,colockum tarps,2013,NA,50,NE,13,D,M,M,M,1,N,"cheat grass, see photo for unk tree",D-NE-M,10,-120.1898308,47.22541395,10/4/2017
102,2013_151,712894,5234433,804,10,colockum tarps,2013,NA,210,SW,11,D,H,M,L,120,N,cheatgrass,D-SW-H,10,-120.1875881,47.22885058,10/4/2017
103,2013_153,709502,5234371,1222,10,colockum tarps,2013,NA,152,SW,12,D,M,M,M,34,N,some cheat grass,D-SW-M,10,-120.2323727,47.22938397,10/6/2017
104,2013_159,712283,5234769,859,10,colockum tarps,2013,NA,110,NE,8,D,H,M,L,109,N,cheat grass,D-NE-H,10,-120.1954903,47.23206816,10/3/2017
105,2013_160,712470,5234845,839,10,colockum tarps,2013,NA,66,NE,3,D,H,M,L,7,N,cheat grass,D-NE-H,10,-120.1929867,47.23269075,10/3/2017
106,2013_161,711801,5235078,1002,10,colockum tarps,2013,NA,173,SW,8,D,H,M,L,151,N,cheat grass,D-SW-H,10,-120.201704,47.23500096,10/3/2017
107,2013_166,712905,5235606,888,10,colockum tarps,2013,NA,166,SW,14,D,H,M,L,48,N,cheat grass,D-SW-H,10,-120.1868847,47.2393894,10/4/2017
108,2013_2,631082,5152742,1526,10,conrad lake,2013,NA,150,SW,22,W,M,O,M,3,N,some thpl clearly within 1 ha,W-SW-M,10,-121.29119,46.51548071,10/17/2017
109,2013_3,631193,5153051,1587,10,conrad lake,2013,NA,150,SW,24,C,H,O,M,44.6,N,old might go through plot,C-SW-H,10,-121.2896564,46.5182387,10/17/2017
110,2013_32,710071,5217924,1074,10,colockum tarps,2013,NA,350,NE,9,D,M,M,M,1,N,loner plot,D-NE-M,10,-120.2325563,47.08137693,9/27/2017
111,2013_47,710919,5223288,1212,10,colockum tarps,2013,NA,341,NE,23,D,H,M,L,999,N,"cheat grass, loner plot",D-NE-H,10,-120.2188865,47.12931817,9/27/2017
112,2013_57,711570,5225692,1178,10,colockum tarps,2013,NA,140,SW,20,D,H,M,L,61,N,"use way point 57a, no rebar at plot center",D-SW-H,10,-120.2091817,47.15071635,9/25/2017
113,2013_58,710357,5225710,1264,10,colockum tarps,2013,NA,20,NE,24,D,L,M,L,0.7,N,"plot center 70 cm from pipo, plot cheat grass dominated",D-NE-L,10,-120.2251547,47.15126666,9/26/2017
114,2013_59,710924,5226145,1242,10,colockum tarps,2013,1238,356,NE,20,D,M,M,M,14,N,,D-NE-M,10,-120.2174801,47.15499506,9/25/2017
115,2013_60,710589,5226848,1267,10,colockum tarps,2013,NA,120,NE,11,D,L,M,M,1.8,N,,D-NE-L,10,-120.2215645,47.16142078,9/26/2017
116,2013_62,710597,5226984,1283,10,colockum tarps,2013,NA,129,NE,10,D,L,M,M,1.2,N,,D-NE-L,10,-120.2213953,47.16264058,9/26/2017
117,2013_627,707996,5233345,1457,10,colockum tarps,2013,NA,346,NE,22,M,H,M,L,32.3,N,,M-NE-H,10,-120.252721,47.22064085,7/12/2018
118,2013_628,709239,5233805,1194,10,colockum tarps,2013,NA,55,NE,5,M,L,M,M,3.1,N,,M-NE-L,10,-120.2361075,47.22438063,7/12/2018
119,2013_630,709559,5228137,1245,10,colockum tarps,2013,NA,1,NE,26,M,M,M,S,4.1,N,original plot on valley bottom stream. random relocate 140 degrees for 25m. long steep hike,M-NE-M,10,-120.234536,47.17333496,7/13/2018
120,2013_68,711225,5227546,1237,10,colockum tarps,2013,NA,85,NE,7,D,L,M,M,7.9,N,only half of plot burned. old skid trail thru part of plot. ,D-NE-L,10,-120.2128551,47.16749057,9/27/2017
121,2013_69,711334,5227935,1248,10,colockum tarps,2013,NA,343,NE,23,D,H,M,L,58,N,"plot on edge of steep slope, plot relocated, no photo taken",D-NE-H,10,-120.2112355,47.17095185,9/27/2017
122,2013_73,710729,5228345,1151,10,colockum tarps,2013,NA,41,NE,11,D,L,M,M,2.8,N,loner plot,D-NE-L,10,-120.2190169,47.17483086,9/26/2017
123,2013_96,713444,5230953,1037,10,colockum tarps,2013,NA,43,NE,10,D,H,M,L,999,N,"cheat grass, loner plot",D-NE-H,10,-120.1819901,47.19739551,9/28/2017
124,2014_0,280806,5365366,1510,11,carlton complex,2014,NA,25,NE,29,C,M,M,M,1.5,Y,road washed out. must hike to point ,C-NE-M,11,-119.9617463,48.40330507,6/17/2018
125,2014_110,700638,5402569,1521,10,upper falls,2014,NA,166,SW,12,C,H,M,M,38.1,N,"easy to access, small stream in car you have to pass",C-SW-H,10,-120.2707269,48.74379449,6/28/2018
126,2014_113,701883,5402079,1486,10,upper falls,2014,NA,197,SW,16,C,M,M,M,1.8,N,close to road ,C-SW-M,10,-120.2540515,48.73898934,6/29/2018
127,2014_115,280776,5365911,1504,11,carlton complex,2014,NA,178,SW,20,D,M,M,L,13.2,N,,D-SW-M,11,-119.9624357,48.4081912,6/17/2018
128,2014_12,701493,5402483,1544,10,upper falls,2014,NA,270,SW,30,C,M,M,M,6,N,easy to get to,C-SW-M,10,-120.2591523,48.7427458,6/28/2018
129,2014_125,719766,5350994,816,10,carlton complex,2014,NA,30,NE,28,D,H,P,L,32.3,N,,D-NE-H,10,-120.0380319,48.27397945,6/19/2018
130,2014_132,719758,5351245,764,10,carlton complex,2014,NA,61,NE,19,D,H,M,L,26.2,N,,D-NE-H,10,-120.0380091,48.27623739,6/19/2018
131,2014_156,717803,5350226,695,10,carlton complex,2014,NA,194,SW,15,D,L,M,L,13.7,N,random relocate; less than 10% tree cover ,D-SW-L,10,-120.0648482,48.26775708,6/19/2018
132,2014_159,279242,5368889,1201,11,carlton complex,2014,NA,337,NE,26,C,H,M,S,68,N,"large culvert good for crossing near road, adjacent 175",C-NE-H,11,-119.9847033,48.4344112,6/15/2018
133,2014_164,693155,5369573,1197,10,little bridge,2014,NA,100,NE,30,D,M,M,L,1.8,N,"1km hike on overgrown trail. plot on steep slope. had to cross river to get to plot. no flagging for ground stake, used a pink pin flag instead",D-NE-M,10,-120.3877483,48.44962992,6/29/2018
134,2014_169,695906,5364979,1126,10,little bridge,2014,NA,73,NE,20,D,M,M,M,4.6,N,,D-NE-M,10,-120.3527313,48.40749398,6/30/2018
135,2014_170,695823,5366350,969,10,little bridge,2014,NA,342,NE,30,C,H,M,M,7.6,N,closest road to plot is blocked off. hike from the other road is about 400 m.  must cross river and hike in steep terrain.,C-NE-H,10,-120.3532117,48.41984085,6/30/2018
136,2014_174,279476,5369070,1128,11,carlton complex,2014,NA,32,NE,15,C,H,P,S,18.1,N,"large culvert good for crossing near road, adjacent 175",C-NE-H,11,-119.9816393,48.43611933,6/15/2018
137,2014_175,280012,5368613,1274,11,carlton complex,2014,NA,68,NE,11,C,M,M,S,2.5,N,"large culvert good for crossing near road, adjacent 175",C-NE-M,11,-119.9741625,48.43220092,6/15/2018
138,2014_177,691715,5225675,1075,10,snag canyon,2014,NA,160,SW,13,D,H,M,L,56,N,cheatgrass,D-SW-H,10,-120.4708208,47.15664288,6/5/2018
139,2014_18,702535,5401818,1520,10,upper falls,2014,NA,200,SW,15,C,M,M,L,7.2,N,,C-SW-M,10,-120.2453221,48.73643252,6/29/2018
140,2014_183,693206,5225826,1018,10,snag canyon,2014,NA,313,SW,30,D,M,M,L,14.9,N,,D-SW-M,10,-120.4511059,47.15756452,6/7/2018
141,2014_188,282374,5357389,1118,11,carlton complex,2014,NA,306,SW,30,D,M,M,M,12.1,N,random relocate; original plot less than 10% prefire overstory cover,D-SW-M,11,-119.9364618,48.33217675,6/18/2018
142,2014_190,703721,5399595,1390,10,upper falls,2014,NA,185,SW,20,C,M,M,M,34.4,N,paved road whole way,C-SW-M,10,-120.2303089,48.71607115,6/28/2018
143,2014_2,691106,5228830,1497,10,snag canyon,2014,NA,166,SW,8,D,M,M,L,16,N,,D-SW-M,10,-120.4775036,47.18518262,6/6/2018
144,2014_217,700407,5402359,1533,10,upper falls,2014,NA,80,NE,6,C,H,M,S,90,N,"have to,cross stream in car and on foot to get to,plot  ",C-NE-H,10,-120.2739676,48.74198181,6/28/2018
145,2014_24,721524,5327447,455,10,carlton complex,2014,NA,167,SW,15,D,L,M,M,1.8,Y,,D-SW-L,10,-120.0266363,48.06180325,6/20/2018
146,2014_250,714186,5370624,903,10,carlton complex,2014,NA,8,NE,28,D,H,M,L,39.9,N,,D-NE-H,10,-120.1031447,48.45226937,6/16/2018
147,2014_254,720742,5350534,826,10,carlton complex,2014,NA,72,NE,10,D,H,M,L,999,N,,D-NE-H,10,-120.0251361,48.26950714,6/19/2018
148,2014_259,692763,5225656,869,10,snag canyon,2014,NA,350,NE,30,D,H,P,L,47,N,,D-NE-H,10,-120.4570173,47.15616612,6/6/2018
149,2014_260,720988,5351252,830,10,carlton complex,2014,NA,301,SW,7,D,H,M,L,42,N,,D-SW-H,10,-120.0214502,48.27587231,6/19/2018
150,2014_264,720839,5351454,782,10,carlton complex,2014,NA,270,SW,11,D,H,M,L,26,N,,D-SW-H,10,-120.0233502,48.27773917,6/19/2018
151,2014_270,720688,5351093,776,10,carlton complex,2014,NA,252,SW,6,D,H,M,L,999,N,,D-SW-H,10,-120.025571,48.27454836,6/19/2018
152,2014_285,692014,5229224,1350,10,snag canyon,2014,NA,51,NE,13,D,M,P,L,30,N,,D-NE-M,10,-120.4653617,47.18846013,6/5/2018
153,2014_300,282371,5358889,1335,11,carlton complex,2014,NA,174,SW,9,D,H,M,L,999,N,,D-SW-H,11,-119.937277,48.34565295,6/18/2018
154,2014_320,678517,5320481,995,10,duncan,2014,NA,230,SW,25,M,L,M,M,8,N,,M-SW-L,10,-120.606208,48.01266924,7/2/2018
155,2014_322,681358,5318761,1143,10,duncan,2014,NA,234,SW,10,C,L,M,S,1.4,Y,,C-SW-L,10,-120.5688744,47.99640819,7/2/2018
156,2014_324,684851,5316475,1311,10,duncan,2014,NA,213,SW,20,C,L,M,S,7.6,N,missing non-tree data; was not in field files,C-SW-L,10,-120.5230792,47.97485967,7/1/2018
157,2014_325,680919,5318794,1072,10,duncan,2014,NA,232,SW,30,M,M,M,L,1.6,N,,M-SW-M,10,-120.5747399,47.99682918,7/2/2018
158,2014_34,719754,5352808,717,10,carlton complex,2014,NA,30,NE,12,D,M,M,M,2,N,random relocate; ephemeral stream bed in plot,D-NE-M,10,-120.0372502,48.29028187,6/18/2018
159,2014_344,685610,5315553,1432,10,duncan,2014,NA,176,SW,20,C,M,M,M,6,N,random relocate away from stream,C-SW-M,10,-120.513317,47.96635236,7/1/2018
160,2014_349,679182,5319393,963,10,duncan,2014,NA,245,SW,27,D,L,M,S,3.1,N,"random relocate 220 degrees at 61m from original plot. original plot on steep wet and mossy bedrock, unsafe.",D-SW-L,10,-120.5977534,48.00270284,7/2/2018
161,2014_35,719437,5365516,848,10,carlton complex,2014,NA,345,NE,11,D,L,M,L,5.3,N,,D-NE-L,10,-120.0348964,48.40456823,6/14/2018
162,2014_350,680350,5318907,993,10,duncan,2014,NA,215,SW,9,C,M,M,M,5.3,Y,,C-SW-M,10,-120.5823129,47.99800569,7/1/2018
163,2014_37,719693,5368121,817,10,carlton complex,2014,NA,314,SW,26,D,L,M,M,8,N,,D-SW-L,10,-120.030078,48.42788354,6/14/2018
164,2014_4,280544,5365478,1559,11,carlton complex,2014,NA,74,NE,30,C,L,M,L,4,N,,C-NE-L,11,-119.9653401,48.4042202,6/17/2018
165,2014_41,719997,5368421,847,10,carlton complex,2014,NA,288,SW,13,D,L,M,L,7,N,,D-SW-L,10,-120.0258168,48.43047277,6/14/2018
166,2014_55,713255,5373452,777,10,carlton complex,2014,NA,229,SW,3,D,L,M,M,3.3,N,bring bugspray,D-SW-L,10,-120.1142785,48.47799517,6/16/2018
167,2014_65,284827,5358736,1198,11,carlton complex,2014,NA,120,NE,4,D,M,M,M,1.9,N,,D-NE-M,11,-119.9040954,48.34511946,6/18/2018
168,2014_67,284413,5360418,1303,11,carlton complex,2014,NA,24,NE,29,D,M,M,M,3.6,N,steep slope near bedrock outcrop,D-NE-M,11,-119.9105368,48.36009113,6/17/2018
169,2014_7,691008,5228718,1487,10,snag canyon,2014,NA,150,SW,9,M,M,M,L,11.2,N,,M-SW-M,10,-120.4788435,47.18420423,6/6/2018
170,2014_77,714398,5370361,950,10,carlton complex,2014,NA,33,NE,15,D,L,M,L,11,N,partially crosses fence on w transect,D-NE-L,10,-120.1004159,48.44983416,6/16/2018
171,2014_92,278564,5369719,1125,11,carlton complex,2014,NA,216,SW,20,D,L,M,M,0.8,N,point relocated,D-SW-L,11,-119.9942956,48.44163009,6/15/2018
172,2014_93,714684,5374693,1098,10,carlton complex,2014,NA,278,SW,14,D,L,M,M,8.2,N,,D-SW-L,10,-120.09433,48.48865917,6/16/2018
173,2014_94,719882,5368031,927,10,carlton complex,2014,NA,281,SW,32,D,M,M,L,10,N,,D-SW-M,10,-120.0275738,48.42700901,6/14/2018
174,2014_98,693088,5369974,1230,10,little bridge,2014,NA,251,SW,30,D,M,M,L,11,N,"1km hike on overgrown trail. plot on steep slope. no flagging for ground stake, used a pink pin flag instead",D-SW-M,10,-120.3884685,48.45325431,6/29/2018
175,2014_99,284230,5362213,1145,11,carlton complex,2014,NA,167,SW,23,D,L,M,L,2.3,N,random relocate,D-SW-L,11,-119.9139248,48.37615664,6/16/2018
176,2015_1023,412894,5398399,982,11,renner,2015,980,40,NE,15,W,H,M,S,55,N,"in slight draw and tree gap. utms zone 11, elev from topomap.",W-NE-H,11,-118.1845885,48.7325213,8/3/2020
177,2015_1024,704893,5316171,1232,10,first creek,2015,1220,8,NE,31,C,H,P,S,175,N,2m east of large boulder,C-NE-H,10,-120.2549737,47.96602563,6/26/2020
178,2015_1026,395608,5418079,1330,11,stickpin,2015,1330,34,NE,15,W,H,P,L,999,N,"pretty indistinct, but look uphill over mature stand to,where it transitions to pole. utms zone 11, elev from topomap",W-NE-H,11,-118.4246059,48.90685003,7/31/2020
179,2015_109,713179,5327498,1504,10,reach,2015,1576,88,NE,20,C,H,P,M,110,N,13 m up hill from funny L kinked snag. nice view,C-NE-H,10,-120.1384725,48.06510419,7/9/2020
180,2015_1124,705527,5315828,1410,10,first creek,2015,1397,2,NE,31.9,C,H,M,M,317,N,"plot center by 30cm dia psme, below 25 cm diam downed stem laying perp. to slope",C-NE-H,10,-120.2466539,47.96273992,6/26/2020
181,2015_1166,411512,5397907,1070,11,renner,2015,1040,114,NE,7,M,H,M,M,3,N,"at the end of the abandoned road. utms zone 11, elev from topomap",M-NE-H,11,-118.2032729,48.7279015,8/3/2020
182,2015_1193,647844,5186481,1122,10,meeks table,2015,1120,150,SW,21,D,H,M,L,88,N,cheat grass,D-SW-H,10,-121.0619782,46.81546274,6/18/2020
183,2015_1241,649154,5186763,1068,10,meeks table,2015,1069,294,SW,14.3,D,L,M,M,15,N,stumps thinned pre burn,D-SW-L,10,-121.0447242,46.81770701,6/17/2020
184,2015_1274,395946,5421120,1068,11,stickpin,2015,1110,330,NE,30,M,L,M,S,1,N,"up northfacing slope south of creek, lightly used trailon north side of creek helps with access. utms zone 11. elev from topmap",M-NE-L,11,-118.4207705,48.93425454,7/31/2020
185,2015_1326,422194,5322416,1255,11,carpenter rd.,2015,1225,325,NE,22,M,M,P,M,10,N,at base of root ball. utms zone 11,M-NE-M,11,-118.0440597,48.0502807,7/18/2020
186,2015_1335,721109,5318699,1226,10,reach,2015,1234,340,NE,30,M,M,P,M,0,N,,M-NE-M,10,-120.0367112,47.98334565,8/9/2021
187,2015_1359,704653,5316898,939,10,first creek,2015,945,304,SW,8,D,L,M,S,1,N,topomap for elev.,D-SW-L,10,-120.2578392,47.97263589,6/28/2020
188,2015_139,286558,5371015,1633,11,lime belt,2015,1620,14,NE,12,C,L,P,M,0.5,N,elev from topomap. plots 20m uphill of decomissioned road. utm's in zone 11,C-NE-L,11,-119.8870054,48.45603525,7/8/2020
189,2015_140,289103,5368465,1649,11,lime belt,2015,1662,338,NE,23,C,L,M,L,0,N,"Relocated 36m at 145 deg due to not low strata, NE quad cut off at 200 post-fire trees",C-NE-L,11,-119.8513426,48.43398063,9/17/2021
190,2015_1437,422871,5322535,1112,11,carpenter rd.,2015,1178,180,SW,5,M,H,M,M,1,N,1m from solo large live pipo. utms zone 11. ,M-SW-H,11,-118.0349982,48.05143337,7/18/2020
191,2015_145,705869,5315416,1494,10,first creek,2015,1450,305,SW,4.8,C,M,P,S,2,N,"elevation determined by topomap, flat hilltop",C-SW-M,10,-120.242275,47.95892748,6/26/2020
192,2015_1490,422731,5322685,1135,11,carpenter rd.,2015,1118,60,NE,17,M,H,M,L,150,N,near small stream. utms zones 11,M-NE-H,11,-118.0369037,48.05276577,7/18/2020
193,2015_1507,648424,5186307,1070,10,meeks table,2015,1067,84,NE,28.4,D,L,M,S,2,N,,D-NE-L,10,-121.0544362,46.81376885,6/18/2020
194,2015_1511,419977,5320299,1366,11,carpenter rd.,2015,1360,92,NE,20,M,M,M,S,9,N,"8m NE of L shaped snag. utms zone 11, elev from topmap",M-NE-M,11,-118.073408,48.03096298,7/19/2020
195,2015_1549,422595,5322464,1178,11,carpenter rd.,2015,1190,82,NE,23,M,H,P,L,160,N,1m uphill of large 3m  hollowed stump. elev from topomap. utms zone 11,M-NE-H,11,-118.0386884,48.05076126,7/18/2020
196,2015_1556,626741,5106369,1078,10,cougar creek,2015,1083,98,NE,4,M,M,M,L,0,N,relocated 54m @ 236 deg. <10% prefire cover,M-NE-M,10,-121.3602636,46.09913405,8/17/2021
197,2015_1559,647154,5186816,1079,10,meeks table,2015,1160,260,SW,29.5,D,M,M,M,7.8,N,elev. based off topo lines. long steep hike down,D-SW-M,10,-121.0709101,46.81862847,6/19/2020
198,2015_1633,422561,5321793,1157,11,carpenter rd.,2015,1160,180,SW,20,M,H,M,L,150,N,at top of draw. elevation from topomap,M-SW-H,11,-118.0390231,48.04472106,7/17/2020
199,2015_170,712483,5327411,1710,10,reach,2015,1550,104,NE,10,C,M,M,M,0.5,N,beautiful old-old p.pines and dougs nearby.,C-NE-M,10,-120.1478462,48.06455459,7/8/2020
200,2015_1752,423084,5321010,1052,11,carpenter rd.,2015,996,285,SW,26,M,H,P,L,130,N,shrub thicket. not any good reference points..  utms zones 11,M-SW-H,11,-118.0318664,48.0377407,7/17/2020
201,2015_1782,719549,5318571,1380,10,reach,2015,1384,120,NE,30,D,L,P,M,0,N,,D-NE-L,10,-120.057655,47.98273271,8/8/2021
202,2015_18,289229,5368004,1597,11,lime belt,2015,1610,160,SW,12,C,M,P,M,0,N,Created 64m from road at 17deg,C-SW-M,11,-119.8494095,48.42988055,9/17/2021
203,2015_1827,719552,5320800,1452,10,reach,2015,1452,267,SW,25,C,M,M,L,0,N,relocated 50m @345 degrees due to salvage,C-SW-M,10,-120.056475,48.00275995,8/10/2021
204,2015_1830,395622,5420237,1136,11,stickpin,2015,1102,256,SW,25,M,L,M,M,1,N,"rocky, 10m ne of large canopy gap. utms zone 11, elev from topomap",M-SW-L,11,-118.4249669,48.92625921,7/31/2020
205,2015_1833,626557,5105600,1043,10,cougar creek,2015,1049,190,SW,8,M,L,P,M,0,N,,M-SW-L,10,-121.362848,46.09224985,8/16/2021
206,2015_1888,714769,5326288,1258,10,reach,2015,1258,80,NE,0,C,M,P,S,27,N,,C-NE-M,10,-120.1177651,48.05369826,8/11/2021
207,2015_189,718743,5320695,1594,10,reach,2015,1602,128,NE,20,C,M,P,M,0,N,,C-NE-M,10,-120.06736,48.00209376,7/8/2020
208,2015_1895,714598,5326493,1318,10,reach,2015,1268,160,SW,16,D,L,M,S,2,N,"directly east, 17m, from the lower of the pair of large ponderosas",D-SW-L,10,-120.1199541,48.05559784,7/8/2020
209,2015_19,288930,5368321,1649,11,lime belt,2015,1664,64,NE,15,C,L,M,L,0,N,"Created 203m from plot 140 @228 deg, SE and NE quads cut off at 200 post-fire trees",C-NE-L,11,-119.853606,48.43262879,9/17/2021
210,2015_1910,420031,5320092,1335,11,carpenter rd.,2015,1310,170,SW,20,M,L,M,S,1,N,"dense, mature stand, 20 m downhill burned out pocket . utms zone 11. elev from topomap",M-SW-L,11,-118.0726452,48.02910766,7/19/2020
211,2015_1997,422633,5321421,1071,11,carpenter rd.,2015,1100,238,SW,25,M,M,M,M,15,N,15 m uphill of large wind snapped 5m tall snag. utms zone 11. elev from topomap,M-SW-M,11,-118.03799,48.04138342,7/17/2020
212,2015_2,627653,5107605,1080,10,cougar creek,2015,1087,126,NE,20,M,L,M,L,0,N,created plot @ 126 deg from road ~76m from road,M-NE-L,10,-121.3481372,46.11008379,8/18/2021
213,2015_20,493427,5374240,1117,11,tower,2015,1124,29,NE,30,W,L,P,M,0,N,Created 57m from road at 23 deg,W-NE-L,11,-117.0890156,48.52123685,9/20/2021
214,2015_2058,423460,5320949,1008,11,carpenter rd.,2015,990,200,SW,25,M,H,M,L,550,N,shrub thicket. 2m uphill of large topped ponderosa snag. utms  zone 11. elev from topomap.,M-SW-H,11,-118.0268121,48.03723715,7/17/2020
215,2015_206,286141,5369470,1503,11,lime belt,2015,1628,320,NE,5,C,M,P,S,1.5,N,on nw crest of low knob. utm's in zone 11. missing non-tree veg,C-NE-M,11,-119.8918493,48.44201185,7/8/2020
216,2015_2067,677238,5320853,918,10,wolverine,2015,933,220,SW,9,M,M,M,S,9,N,used random number table to locate plot.,M-SW-M,10,-120.6231894,48.01636928,6/28/2020
217,2015_2082,626740,5107803,1197,10,cougar creek,2015,1190,216,SW,32,M,M,M,M,16.2,N,,M-SW-M,10,-121.3598939,46.11203519,8/18/2021
218,2015_2086,626515,5105834,1073,10,cougar creek,2015,1081,114,NE,5,M,M,M,M,0,N,"Thinning evidence outside of plot, relocated 96m @ 28 degrees due to salvage",M-NE-M,10,-121.3633288,46.09436281,8/17/2021
219,2015_21,493784,5373381,1049,11,tower,2015,1076,89,NE,46,W,L,P,L,0,N,Created 160m from road at 260 deg,W-NE-L,11,-117.0841681,48.51351261,9/20/2021
220,2015_2146,422728,5321158,1078,11,carpenter rd.,2015,1069,186,SW,15,M,M,M,M,1.5,N,in thin strip of refugia on ridge. utms zone 11,M-SW-M,11,-118.0366682,48.03902907,7/17/2020
221,2015_2156,399284,5419520,1583,11,stickpin,2015,1580,358,NE,22,W,H,M,S,54,N,"3m east of large, 1m dbh, psme snag. in small group of exposed 3man boulders. utms zone 11, elev from topomap.",W-NE-H,11,-118.3748117,48.92041787,8/1/2020
222,2015_216,398662,5419063,1631,11,stickpin,2015,1630,242,SW,24,C,H,P,L,999,N,"mature psme pocket surrounded by young pico. utms zone 11, elev from topomap",C-SW-H,11,-118.3831861,48.91620651,8/1/2020
223,2015_2161,412842,5398146,1024,11,renner,2015,1071,90,NE,12,W,H,M,L,80,N,15 m ne of large white qaurtz rock outcropping. utms zone 11,W-NE-H,11,-118.185242,48.73023852,8/3/2020
224,2015_2164,490244,5364208,1597,11,tower,2015,1554,120,NE,20,W,H,M,M,13,N,15m north of large white sparkly boulder. utms zone 11,W-NE-H,11,-117.1318875,48.43094341,8/14/2020
225,2015_2174,490464,5364387,1535,11,tower,2015,1557,110,NE,24,W,H,M,M,17,N,below large flat faced boulder 2 m south of a few much larger boulders. utms zone 11.,W-NE-H,11,-117.1289175,48.43255715,7/21/2020
226,2015_2178,411548,5397702,1059,11,renner,2015,1050,100,NE,15,W,M,M,S,5,N,5m ne of large white boulder at chain sawwed stump. utms zones 11. elev from topomap,W-NE-M,11,-118.2027395,48.72606283,8/3/2020
227,2015_2194,490642,5364909,1457,11,tower,2015,1480,114,NE,27,W,L,O,S,3,N,"beautiful cedar/hemlock og stand, how did you escape the tyanny? south of stream. plot center is 15cm dbh dead cedar, well marked, wrapped mutliple times with red/white flagging. no metal stake, whoops. utms zone 11, elev from topo.",W-NE-L,11,-117.1265228,48.43725599,7/21/2020
228,2015_22,493185,5371321,1125,11,tower,2015,1116,259,SW,28,W,H,M,S,40,N,Created 36m from road at 244 deg,W-SW-H,11,-117.0922452,48.49497384,9/21/2021
229,2015_2212,493813,5373983,1071,11,tower,2015,1050,65,NE,18,W,L,M,S,2,N,"next to 4m topped, 40cm dbh, snag. utms zone 11, elev from topomap",W-NE-L,11,-117.0837844,48.51892871,7/20/2020
230,2015_2222,398591,5420116,1433,11,stickpin,2015,1430,332,NE,2,W,L,M,S,1,N,"cedar grove with 10+/-y.o. abla patch 2 m away. plot centrr at base of 40cm thpl. utms zone 11, elev from topomap",W-NE-L,11,-118.3844167,48.92566463,8/1/2020
231,2015_2227,490556,5364279,1516,11,tower,2015,1524,31,NE,12,W,L,M,M,0,N,"relocated 150m at 11 degrees not low, was not wet strata.",W-NE-L,11,-117.1276713,48.43158692,7/24/2021
232,2015_2231,493669,5371709,1048,11,tower,2015,1042,202,SW,22,W,L,M,S,0,N,,W-SW-L,11,-117.0856999,48.49846951,7/28/2021
233,2015_2265,490394,5365082,1564,11,tower,2015,1550,76,NE,10,W,M,M,M,1,N,middle of small patch of refugia.utms zone 11. elev from topmap,W-NE-M,11,-117.1298798,48.43880864,7/21/2020
234,2015_2293,485170,5365714,1108,11,tower,2015,1099,236,SW,24,W,H,M,L,113,N,Moved 178m at 359 deg due to not NE,W-SW-H,11,-117.2005339,48.444393,9/21/2021
235,2015_23,487194,5365140,1184,11,tower,2015,1189,290,SW,30,W,L,M,S,0,N,Created 73m from road at 290 deg,W-SW-L,11,-117.1731476,48.43927347,9/22/2021
236,2015_2300,491440,5374259,1514,11,tower,2015,1500,162,SW,15,W,H,M,S,15,N,"4m se of large boulder that has 35cm dbh larch snag at its top. utms zone 11, elev from topomap.",W-SW-H,11,-117.1159251,48.52138383,8/15/2020
237,2015_2304,490958,5372852,1402,11,tower,2015,1430,300,SW,24,W,H,M,S,10,N,10m  ne of small patch of tall psme rufugia. utms zone 11. elev from topomap,W-SW-H,11,-117.1224222,48.50871919,7/22/2020
238,2015_2307,490768,5372431,1386,11,tower,2015,1380,314,SW,23,W,H,M,S,30,N,"4m uphill of 10m tall, 40cm dbh, dougfir snag. utms zone 11, elev from topomap",W-SW-H,11,-117.1249853,48.50492896,8/15/2020
239,2015_2309,399877,5420195,1556,11,stickpin,2015,1560,180,SW,23,W,H,M,M,144,N,"plot center at base of 80cm dbh psme snag, 15m west of ephemeral creek. utms zone 11, elev from topomap",W-SW-H,11,-118.3668851,48.92658445,8/2/2020
240,2015_2313,494855,5371844,818,11,tower,2015,829,220,SW,10,W,L,M,M,0,N,,W-SW-L,11,-117.0696472,48.49969485,7/27/2021
241,2015_2314,491346,5362350,1347,11,tower,2015,1359,152,SW,20,W,L,M,S,0,N,"2 stumps appear salvaged, rest of plot ok",W-SW-L,11,-117.1169517,48.41424402,7/24/2021
242,2015_2318,495159,5371820,857,11,tower,2015,858,142,SW,20,M,L,P,M,0,N,relocated 90m at 270 deg <10% cover,M-SW-L,11,-117.0655317,48.49948136,7/27/2021
243,2015_2322,412533,5404072,793,11,renner,2015,792,100,NE,18,W,L,M,M,7,N,"on rock slope with shallow soil layer, not deep enough to ram in stake. stake is perched up on uphill sided cleave of 1m dia boulder with a few small rocks supporting it. 7m downhill of a 14m, whoop-dee-doo stemmed, doug-fir. utms zone 11, elev from topomap.",W-NE-L,11,-118.1907022,48.78349399,8/4/2020
244,2015_2325,490646,5371702,1384,11,tower,2015,1425,274,SW,19,W,L,M,M,1,N,next to p.pine with a j stem starting at 2m up. utms zone 11,W-SW-L,11,-117.1266206,48.49836879,7/22/2020
245,2015_2326,490810,5373836,1469,11,tower,2015,1460,222,SW,28,W,L,M,M,2,N,"in a tangle of downed stems, surrounded by abgr regen that had a head start. utms zone 11, elev. from topomap",W-SW-L,11,-117.1244477,48.51756946,7/22/2020
246,2015_2328,491328,5362615,1329,11,tower,2015,1345,66,NE,18,W,L,M,M,0,N,relocated 50m at 159 deg. Creek >10% of plot,W-NE-L,11,-117.1172004,48.41662785,7/26/2021
247,2015_2332,491090,5373215,1413,11,tower,2015,1440,290,SW,24,W,M,M,M,1,N,"1m downhill of prominent, live, 55cm dbh, larch. utms zone 11, elev from topomap.",W-SW-M,11,-117.1206427,48.51198676,8/16/2020
248,2015_2333,399523,5420398,1610,11,stickpin,2015,1600,208,SW,15,C,L,P,M,3,N,"plot center in gap of post clearcut regen. utms zone 11, elev from topomap",C-SW-L,11,-118.3717665,48.9283527,8/1/2020
249,2015_2334,400034,5419967,1496,11,stickpin,2015,1490,196,SW,25,W,M,M,M,8,N,"plot center at base of two 1m dia. boulders. utms zone 11, elev from topomap.",W-SW-M,11,-118.3646865,48.92455939,8/2/2020
250,2015_2336,412676,5401211,867,11,renner,2015,848,176,SW,8,W,M,M,M,0.5,N,"in draw at bend in road, on the eastside of 30cm dbh larch that is 5m east of burn and hollowed out large diameter cedar stump. utms zone 11.",W-SW-M,11,-118.1881486,48.75778214,8/4/2020
251,2015_2344,486956,5365167,1123,11,tower,2015,1121,198,SW,16,W,M,M,S,0,N,Thick brush,W-SW-M,11,-117.1763664,48.43951149,7/23/2021
252,2015_2352,487323,5365821,1196,11,tower,2015,1192,270,SW,18,W,M,M,S,22,N,relocated 191m @241 degrees <10% cover,W-SW-M,11,-117.171424,48.44540267,7/23/2021
253,2015_2357,490533,5365628,1488,11,tower,2015,1555,178,SW,33,W,M,M,M,2,N,plot center 2m uphill of spruce. utms in zone 11.,W-SW-M,11,-117.1280127,48.44372282,8/14/2020
254,2015_2359,647642,5187074,1175,10,meeks table,2015,1177,270,SW,22.5,M,H,M,L,18,N,1m uphill of se -nw running downed tree,M-SW-H,10,-121.0644332,46.82084092,6/18/2020
255,2015_236,398387,5419418,1566,11,stickpin,2015,1600,284,SW,25,C,H,P,L,999,N,"plot center is in between two smaller rock out croppings that are in betwen two large rock out cropping, the southern being more qaurtz rich and the northern more redish. utms zone 11, elev from topomap.",C-SW-H,11,-118.3870269,48.91935399,8/1/2020
256,2015_24,486995,5365382,1140,11,tower,2015,1124,298,SW,36,W,M,M,S,0,N,Created 95m from road at 240 deg,W-SW-M,11,-117.1758457,48.44144654,9/22/2021
257,2015_3,626084,5105941,1085,10,cougar creek,2015,1097,165,SW,8,M,L,M,L,0,N,Created at 240 deg. ~208m from road,M-SW-L,10,-121.3688738,46.09540513,8/19/2021
258,2015_370,400553,5420112,1563,11,stickpin,2015,1453,172,SW,16,C,L,M,M,3,N,"15m west of fuel break and large boulders. utms zone 11, elev from topomap",C-SW-L,11,-118.3576388,48.92594701,8/2/2020
259,2015_415,490920,5365518,1465,11,tower,2015,1489,172,SW,17,W,M,M,S,1,N,plot center 1m below a healthy mature larch and two downed 2m cm dia. logs running perpindicular to slope. utms zone 11,W-SW-M,11,-117.1227774,48.44273891,8/14/2020
260,2015_447,719225,5325946,639,10,reach,2015,1539,220,SW,28,C,L,P,L,0,N,relocated 40m @ 100 degrees due to <10% cover,C-SW-L,10,-120.0582209,48.04911042,8/10/2021
261,2015_472,719650,5318860,1506,10,reach,2015,1500,210,SW,18,C,L,P,L,0,N,,C-SW-L,10,-120.0561555,47.98529481,8/9/2021
262,2015_507,708039,5363621,820,10,twisp river,2015,786,36,NE,33,D,H,P,L,515,N,75m up hill of elect. pole and 22 m west of elect. line,D-NE-H,10,-120.1896506,48.39140443,7/1/2020
263,2015_577,707864,5364888,799,10,twisp river,2015,792,80,NE,23,D,H,P,L,35,N,"elev from topo. across draw from large glacial erratic. 11 ft north of flag snag, across draw.",D-NE-H,10,-120.1913846,48.40284706,7/6/2020
264,2015_583,707543,5364699,865,10,twisp river,2015,810,35,NE,30,D,H,P,M,19,N,,D-NE-H,10,-120.1958099,48.4012545,7/6/2020
265,2015_592,678565,5319813,875,10,wolverine,2015,884,220,SW,5,C,H,M,M,2,N,"same as above, used random number table to move plot across river for access, topomap for elev",C-SW-H,10,-120.605843,48.00665097,6/29/2020
266,2015_626,704015,5317177,795,10,first creek,2015,940,338,NE,16,D,M,M,S,21.4,N,"mistletoe inundated stand, topomap for elev.",D-NE-M,10,-120.2662453,47.97534693,6/27/2020
267,2015_641,413025,5405440,677,11,renner,2015,679,96,NE,24,D,L,P,L,0,N,relocated 60m @ 8 degrees due to <10%; much of vegetation looks to be dying/dry,D-NE-L,11,-118.1842956,48.79586681,8/6/2021
268,2015_686,708336,5363355,749,10,twisp river,2015,762,30,NE,33,D,H,P,M,43,N,,D-NE-H,10,-120.1857754,48.38891621,6/30/2020
269,2015_710,412879,5401903,828,11,renner,2015,839,26,NE,5,M,H,M,L,5,N,"in-between isolated pipo clump and doug fir snags at but end of fowned dougfir with root branch pointing skyward. utms zone 11. **plot has the appearance of dry and barely keys out to moist using the secondary key (due to >5% phma cover and >2% psme in understory), there is shallow soils, with lots of rock exposure.",M-NE-H,11,-118.1855336,48.76403447,8/4/2020
270,2015_734,704474,5365049,887,10,twisp river,2015,860,80,NE,30,D,M,M,L,2,N,"in middle of refugia, surrounded by deer beds. elev from topomap",D-NE-M,10,-120.2370553,48.40540231,8/5/2020
271,2015_741,704399,5365523,883,10,twisp river,2015,850,60,NE,37,D,M,M,L,13,N,"in a gap of the canopy, 15 m se of little dry wash or 15m directly south of flagged snag in wash. elev from topomap",D-NE-M,10,-120.2378367,48.40968603,8/5/2020
272,2015_750,704043,5317499,666,10,first creek,2015,720,20,NE,30,D,H,M,S,46,N,"2m east of 75cm dia pipo, topomap for elev.",D-NE-H,10,-120.2657176,47.97823181,6/27/2020
273,2015_803,704508,5365731,822,10,twisp river,2015,734,160,SW,31,D,H,M,L,118,N,"30m from road up liitle saddle, just below a downed psme lying perpindicular to the slope.",D-SW-H,10,-120.2362641,48.41151978,8/5/2020
274,2015_851,677732,5320394,899,10,wolverine,2015,927,204,SW,3,C,H,M,S,15,N,"cold pocket in drainabge with abgr, abla, and pico all together.",C-SW-H,10,-120.6167609,48.01210595,6/29/2020
275,2015_921,704265,5317434,691,10,first creek,2015,780,310,SW,30,D,M,M,L,26,N,at base of massive rock outcrop and below down pipo stem laying perp. to slope. topomap for elev. verry rocky,D-SW-M,10,-120.2627771,47.97757683,6/27/2020
276,2015_925,680451,5318303,895,10,wolverine,2015,890,200,SW,20,D,M,M,M,1,N,topomap for elev,D-SW-M,10,-120.5812142,47.99254774,6/29/2020
277,2017_10,660987,5245842,935,10,jolly mountain,2017,946,116,NE,24,D,L,M,L,0,N,created 326m from road bearing 37 deg,D-NE-L,10,-120.868616,47.34621859,8/26/2021
278,2017_11,482806,5407196,1236,11,noisy creek,2017,1232,9,NE,32,W,L,P,L,0,N,227m from road at 220 deg,W-NE-L,11,-117.2342209,48.81750994,9/5/2021
279,2017_12,482758,5407259,1226,11,noisy creek,2017,1240,61,NE,30,W,L,M,L,0,N,created from N11 87m at 338 deg;post fire tree count cutoff on NW transect at 200 trees measured,W-NE-L,11,-117.2348774,48.81807535,9/5/2021
280,2017_13,482603,5407464,1209,11,noisy creek,2017,1203,66,NE,34,W,L,M,L,0,N,created bearing 238 deg and 172m from N12; post fire tree count cutoff on NW and SE transect at 200 trees measured,W-NE-L,11,-117.2369975,48.81991517,9/6/2021
281,2017_14,481855,5408774,870,11,noisy creek,2017,873,340,NE,32,W,H,M,S,49.4,N,created 215m from plot 60 @ 270 deg,W-NE-H,11,-117.2472453,48.83167828,9/6/2021
282,2017_15,481605,5408638,951,11,noisy creek,2017,939,40,NE,24,W,H,M,S,54,N,created 303m from road at 220 deg,W-NE-H,11,-117.2506457,48.83044749,9/7/2021
283,2017_16,481608,5408433,1037,11,noisy creek,2017,1018,18,NE,30,W,H,M,S,79,N,created 210m from N15 at 80 deg,W-NE-H,11,-117.2505956,48.82860344,9/7/2021
284,2017_17,482029,5408514,975,11,noisy creek,2017,968,70,NE,36,W,L,P,L,0,N,created 415m from N16 @ 112 deg,W-NE-L,11,-117.244863,48.82934443,9/7/2021
285,2017_21,650382,5239334,848,10,jolly mountain,2017,856,29,NE,18,M,L,M,S,0,N,,M-NE-L,10,-121.0111288,47.29021761,7/13/2021
286,2017_22,650054,5239522,871,10,jolly mountain,2017,892,65,NE,10,M,L,M,M,0,N,,M-NE-L,10,-121.0154008,47.29198346,7/13/2021
287,2017_23,655675,5239185,820,10,jolly mountain,2017,820,22,NE,18,D,L,P,L,31,N,Relocated 50m @260 degress due to <10% prefire cover,D-NE-L,10,-120.9412241,47.28764181,7/9/2021
288,2017_24,655452,5239575,852,10,jolly mountain,2017,858,58,NE,12,D,M,M,L,11.6,N,relocated 100m @89 degrees due to not predicted or needed forest type,D-NE-M,10,-120.9440353,47.29120181,7/10/2021
289,2017_25,654667,5239917,852,10,jolly mountain,2017,851,206,SW,18,D,L,M,L,100.1,N,lots of saplings on way to plot,D-SW-L,10,-120.9542921,47.29446301,7/14/2021
290,2017_26,650321,5239555,858,10,jolly mountain,2017,865,90,NE,10,D,M,M,S,0,N,,D-NE-M,10,-121.0118606,47.29221904,7/13/2021
291,2017_27,654046,5240340,861,10,jolly mountain,2017,854,164,SW,20,D,L,P,L,0,N,,D-SW-L,10,-120.9623542,47.29841317,6/30/2021
292,2017_28,655284,5239445,826,10,jolly mountain,2017,820,267,SW,15,M,L,M,L,0,N,,M-SW-L,10,-120.9463011,47.29007262,7/10/2021
293,2017_29,649412,5240028,913,10,jolly mountain,2017,930,247,SW,10,D,M,M,L,18.3,N,,D-SW-M,10,-121.023717,47.29668059,6/28/2021
294,2017_3,647659,5249947,1711,10,jolly mountain,2017,1708,342,NE,30,C,L,M,L,9.5,N,moved 107m bearing 221 degrees due to slope >50 degrees,C-NE-L,10,-121.0435963,47.38627938,7/12/2021
295,2017_30,651101,5239854,868,10,jolly mountain,2017,883,262,SW,5,D,L,M,L,0,N,tons of saplings not in plot,D-SW-L,10,-121.0014494,47.2947285,7/11/2021
296,2017_31,650682,5239704,827,10,jolly mountain,2017,837,270,SW,20,M,L,M,M,0,N,"tons of saplings, moist not dry site",M-SW-L,10,-121.0070386,47.29347606,7/10/2021
297,2017_33,660946,5245704,877,10,jolly mountain,2017,892,190,SW,20,D,L,M,S,0,N,moved 80m at 120 degrees due to <10% prefire cover,D-SW-L,10,-120.8692084,47.34498779,7/15/2021
298,2017_34,654396,5239761,809,10,jolly mountain,2017,815,196,SW,10,M,L,M,L,0,N,,M-SW-L,10,-120.9579281,47.29312408,6/30/2021
299,2017_35,653999,5240349,866,10,jolly mountain,2017,859,127,NE,22,D,L,P,L,0,N,,D-NE-L,10,-120.9629724,47.29850515,7/1/2021
300,2017_36,629976,5202874,1203,10,norse peak,2017,1213,84,NE,32,M,H,M,M,52,N,,M-NE-H,10,-121.2914109,46.96664248,6/26/2021
301,2017_37,630188,5202795,1110,10,norse peak,2017,1084,80,NE,18,M,H,M,M,76.3,N,,M-NE-H,10,-121.288648,46.96589028,6/26/2021
302,2017_39,628492,5201467,1080,10,norse peak,2017,1102,83,NE,13,M,M,M,S,9.5,N,"Horse trail, fallen log on south transect",M-NE-M,10,-121.3113083,46.95427603,6/14/2021
303,2017_4,625351,5208751,1687,10,norse peak,2017,1696,230,SW,6,C,H,M,L,21.3,N,"Unable to ID burned trees, used predicted as default",C-SW-H,10,-121.350556,47.0203973,6/27/2021
304,2017_40,648309,5240394,1018,10,jolly mountain,2017,1025,116,NE,28,M,L,M,L,0,N,,M-NE-L,10,-121.0381759,47.30022263,7/12/2021
305,2017_42,658832,5245816,977,10,jolly mountain,2017,978,90,NE,18,M,L,M,S,0,N,,M-NE-L,10,-120.8971365,47.34651165,7/15/2021
306,2017_43,649074,5240224,997,10,jolly mountain,2017,1003,133,NE,32,M,M,M,L,28,N,,M-NE-M,10,-121.0281195,47.2985202,6/26/2021
307,2017_44,630226,5203502,1194,10,norse peak,2017,1216,212,SW,34,M,L,M,L,0,N,,M-SW-L,10,-121.2879457,46.97224213,6/25/2021
308,2017_444,649615,5239870,931,10,jolly mountain,2017,934,170,SW,24,D,M,P,L,9.5,N,Plot created in strata needed; bearing 108 deg and 175m from road,D-SW-M,10,-121.0210866,47.29521338,8/24/2021
309,2017_46,630262,5202419,1066,10,norse peak,2017,1076,135,SW,36,M,M,O,M,23.5,N,"~70% burned, borderline between mature and old growth",M-SW-M,10,-121.2877836,46.9624937,6/17/2021
310,2017_47,630700,5202786,1109,10,norse peak,2017,1117,220,SW,32,M,L,M,L,0,N,Lots of surviving trees producing seeds,M-SW-L,10,-121.2819233,46.96570855,6/24/2021
311,2017_5,647434,5249865,1620,10,jolly mountain,2017,1612,206,SW,34,C,H,M,L,25.2,N,moved 134m at 50 degrees due to slope >50 degrees,C-SW-H,10,-121.0466029,47.38559279,7/12/2021
312,2017_53,630079,5203267,1097,10,norse peak,2017,1114,90,NE,36,M,M,M,S,25.5,N,Steep,M-NE-M,10,-121.2899448,46.97015723,6/25/2021
313,2017_54,629344,5201660,1038,10,norse peak,2017,1043,188,SW,9,c,M,M,S,15,N,2 cut stumps,c-SW-M,10,-121.300061,46.95584637,6/16/2021
314,2017_55,628696,5201561,1071,10,norse peak,2017,1078,205,SW,28,M,H,M,M,40,N,Steep slope,M-SW-H,10,-121.3086018,46.95508198,6/16/2021
315,2017_555,646843,5241149,1181,10,jolly mountain,2017,1185,194,SW,32,D,H,M,L,34.3,N,"created bearing at 30 deg and 10om from road,",D-SW-H,10,-121.0573077,47.30734267,8/24/2021
316,2017_59,481560,5408861,883,11,noisy creek,2017,867,52,NE,34,W,H,M,S,33.9,N,,W-NE-H,11,-117.2512689,48.83245222,9/4/2021
317,2017_6,646970,5241139,1180,10,jolly mountain,2017,1186,141,SW,22,D,M,P,L,32.5,N,"created from N5 bearing 96 deg, 1.4km distance from N5",D-SW-M,10,-121.0556319,47.30722425,8/24/2021
318,2017_60,482059,5408724,887,11,noisy creek,2017,866,23,NE,22,W,L,P,L,0,N,post fire tree count cutoff on NE and SE transect at 200 trees measured,W-NE-L,11,-117.2444634,48.83123442,9/6/2021
319,2017_61,482012,5407587,1166,11,noisy creek,2017,1171,24,NE,30,W,M,M,L,0,N,,W-NE-M,11,-117.245054,48.82100482,9/3/2021
320,2017_62,482093,5407429,1226,11,noisy creek,2017,1204,36,NE,30,W,M,P,L,13.2,N,,W-NE-M,11,-117.2439436,48.81958583,9/3/2021
321,2017_63,481380,5408779,945,11,noisy creek,2017,952,46,NE,40,W,M,M,S,24.9,N,moved 15m at 30 deg due to not wet strata,W-NE-M,11,-117.2537179,48.8317092,9/4/2021
322,2017_64,481855,5407820,1112,11,noisy creek,2017,1122,80,NE,22,W,M,P,M,14.8,N,Moved 203m at 64 deg due to not wet strata,W-NE-M,11,-117.2472031,48.82309628,9/3/2021
323,2017_7,654985,5240801,990,10,jolly mountain,2017,991,119,NE,12,D,H,M,L,23.1,N,"from road bearing 40 deg, 40m ",D-NE-H,10,-120.9497814,47.30233727,8/25/2021
324,2017_8,655017,5241031,1012,10,jolly mountain,2017,1005,120,NE,10,D,L,M,L,0,N,Created 227m from N7 bearing 250 deg,D-NE-L,10,-120.9492783,47.30439797,8/25/2021
325,2017_9,656256,5242740,1144,10,jolly mountain,2017,1139,160,SW,20,D,H,M,L,33.5,N,created 30m from road bearing 120 deg,D-SW-H,10,-120.9322989,47.31947161,8/25/2021
